{"norm_factor": 3187083312, "tick_vals": ["0", "248956422", "491149951", "689445510", "879660065", "1061198324", "1232004303", "1391350276", "1536488912", "1674883629", "1808681051", "1943767673", "2077042982", "2191407310", "2298451028", "2400442217", "2574038003", "2654411288", "2713028904", "2777473071", "2824183054", "2875001522", "3031042417"], "even": {"x": [0.07997433422600156, 0.07998473464442651, 0.07999165852994809, 0.08655783799604672, 0.1515853015768293, 0.15260735581298165, 0.2396881107951407, 0.24337378288151884, 0.3415767067968005, 0.34162964861961537, 0.3416549262769947, 0.3655684087746245, 0.38334825242873977, 0.38335188961009503, 0.3833545541152769, 0.38335596857469284, 0.38338081543065733, 0.4415324367899674, 0.4486273084285159, 0.5315863572254179, 0.6159671012076763, 0.6319436267689258, 0.6515929138660684, 0.9133741578199447], "y": [8.7281583934635, 7.481486060122113, 7.3214816209598865, 7.6595558851598815, 7.462180904926726, 7.498940737782249, 8.007446482167865, 7.623423042943488, 7.54515513999149, 8.098541678603887, 7.772113295386326, 8.657577319177793, 9.187086643357144, 9.614393726401687, 9.331614083309999, 9.596879478824182, 7.354577730650908, 8.313363730737706, 7.838631997765025, 8.043351420794796, 7.441291429466834, 8.42021640338319, 8.015022873584506, 8.111259039317108], "pval": [1.87e-09, 3.3e-08, 4.77e-08, 2.19e-08, 3.45e-08, 3.17e-08, 9.83e-09, 2.38e-08, 2.85e-08, 7.97e-09, 1.69e-08, 2.2e-09, 6.5e-10, 2.43e-10, 4.66e-10, 2.53e-10, 4.42e-08, 4.86e-09, 1.45e-08, 9.05e-09, 3.62e-08, 3.8e-09, 9.66e-09, 7.74e-09], "chrom": [2, 2, 2, 2, 2, 2, 4, 4, 6, 6, 6, 6, 6, 6, 6, 6, 6, 8, 8, 10, 12, 12, 12, 22]}, "odd": {"x": [0.0231743650132733, 0.07119602589165074, 0.07151556413408248, 0.07556180696414753, 0.17277580787633956, 0.1739305310635695, 0.17840229367684632, 0.17840952819121034, 0.38785308007034613, 0.39717005490065455, 0.4351255415189473, 0.43629121013702576, 0.43629325369828925, 0.49024066742061995, 0.6783219619205235, 0.8693616127220963], "y": [7.366531544420414, 7.91721462968355, 8.149353764816933, 7.38933983691012, 7.749579997691106, 7.3535962737769305, 7.804100347590766, 7.991399828238082, 8.325138859262188, 8.070070439915412, 7.910094888560602, 7.642065152999546, 7.450996737974212, 7.366531544420414, 8.101823516502323, 7.91721462968355], "pval": [4.3e-08, 1.21e-08, 7.09e-09, 4.08e-08, 1.78e-08, 4.43e-08, 1.57e-08, 1.02e-08, 4.73e-09, 8.51e-09, 1.23e-08, 2.28e-08, 3.54e-08, 4.3e-08, 7.91e-09, 1.21e-08], "chrom": [1, 1, 1, 1, 3, 3, 3, 3, 7, 7, 7, 7, 7, 9, 13, 19]}}