{"norm_factor": 3187083312, "tick_vals": ["0", "248956422", "491149951", "689445510", "879660065", "1061198324", "1232004303", "1391350276", "1536488912", "1674883629", "1808681051", "1943767673", "2077042982", "2191407310", "2298451028", "2400442217", "2574038003", "2654411288", "2713028904", "2777473071", "2824183054", "2875001522", "3031042417"], "even": {"x": [], "y": [], "pval": [], "chrom": []}, "odd": {"x": [0.6580236390758021, 0.6580260616670067, 0.6580262417689821, 0.6580272580586999], "y": [7.5428753736965914, 7.753747687700678, 7.753747687700678, 7.801893001126598], "pval": [2.865e-08, 1.763e-08, 1.763e-08, 1.578e-08], "chrom": [13, 13, 13, 13]}}