{"norm_factor": 3187083312, "tick_vals": ["0", "248956422", "491149951", "689445510", "879660065", "1061198324", "1232004303", "1391350276", "1536488912", "1674883629", "1808681051", "1943767673", "2077042982", "2191407310", "2298451028", "2400442217", "2574038003", "2654411288", "2713028904", "2777473071", "2824183054", "2875001522", "3031042417"], "even": {"x": [0.13423404602860284, 0.13423818178493854, 0.13424173770076833, 0.13424196800538485, 0.1342421612855535, 0.1342422027027325, 0.13424425724582376, 0.13424446590055128, 0.13424543543905954, 0.13424819627055926, 0.1342487246533579, 0.1342494205874716, 0.13425012373821496, 0.1342564615079005, 0.13426820390567815, 0.13426978058237846, 0.13427049377365005, 0.13427540516079237, 0.22379172339627876, 0.22379523695363004, 0.22379617888068562, 0.223797715395273, 0.22379796860484455, 0.22379854719028444, 0.22379882361857756, 0.22379904921669647, 0.2237994621334204, 0.2238001172778881, 0.2238005019556263, 0.2238069881368699, 0.24150575076024244, 0.2415077839672112, 0.24150824896917536, 0.2415088096699243, 0.25192585301328324, 0.2519267346971694, 0.2519272624524351, 0.25193039823491126, 0.2519312002221045, 0.2519331295723593, 0.25193331532213176, 0.2519334938552745, 0.25193400435338226, 0.25193426572088307, 0.25193457383959345, 0.25193550478482124, 0.25193642004172373, 0.25193758286040063, 0.2519389075825954, 0.2519397418877389, 0.2519397798534863, 0.251939997293676, 0.2519431566086403, 0.25194326799575045, 0.2519432877630404, 0.2519446997123243, 0.2519447960386421, 0.25194481015813497, 0.25194481486463255, 0.25194488922729485, 0.2519459619949841, 0.25194603698517937, 0.2519463705189769, 0.25194850005226344, 0.34381867234978636, 0.34381870058877206, 0.34382009371206546, 0.3438215087990144, 0.3438233330374892, 0.3438254227224293, 0.34382579986977135, 0.3438275290369943, 0.3438288838807738, 0.34382916156413296, 0.3438321646233765, 0.34383220007899185, 0.34383575630858815, 0.3438357660353499, 0.3438360675649636, 0.34383623668511115, 0.34384053026600014, 0.34384085156290384, 0.3438408653686302, 0.34384087195772683, 0.3438416111916186, 0.34384166013919376, 0.34384711245979505, 0.34384865148451443, 0.34384912652700683, 0.34385168278274364, 0.34385203765266364, 0.34385306210031075, 0.3438532993077904, 0.3438534527396126, 0.3438548784946228, 0.34386020373978854, 0.3438611654341341, 0.3438628883260269, 0.3438639388162941, 0.3438653385286842, 0.34386824588914294, 0.34386876674154543, 0.3438690930587132, 0.34386989818357155, 0.34387006855878516, 0.3438711137150217, 0.34387159848427584, 0.34387178266521573, 0.3438723163820451, 0.34387329156835045, 0.34387408633891403, 0.34387483059306984, 0.3438751650681669, 0.3438753163036235, 0.3438785339791582, 0.3438787849923642, 0.3438788295472083, 0.343881175579385, 0.3438811884438118, 0.34388280214496003, 0.34388316454527623, 0.34388454041141175, 0.3438850957781301, 0.3438861494060623, 0.34388637563171426, 0.3438881901434273, 0.34388831094353267, 0.3438894332863301, 0.34388965982574854, 0.34389058606447875, 0.3438911081719473, 0.3438925678137403, 0.3438929951637235, 0.3438931674215362, 0.3438933650944359, 0.3438935768868285, 0.3438949988766406, 0.34389558499247663, 0.34389574281702995, 0.34389582188618983, 0.34389602771701877, 0.34389614004542846, 0.3438993385812062, 0.34389941576776706, 0.34389964513108406, 0.3439001537465927, 0.3439010652382971, 0.34390210066777194, 0.34390244706599626, 0.3439027159638932, 0.3439036742068072, 0.34390438959444436, 0.34390572874989844, 0.3439061752396387, 0.3439073264489548, 0.34390764241182786, 0.5581025429435025, 0.5581027239867773, 0.5581029229147431, 0.5581039046901451, 0.558104356513916, 0.5581058858118736, 0.5581072168093986, 0.5581085114100086, 0.5581087065727763, 0.5581088283141812, 0.5581091483560189, 0.5581101511537769, 0.5581125878644744, 0.5581149257387219, 0.5581151717316638, 0.5581174070042635, 0.5581230071088897, 0.5581242019317505, 0.5581249192019867, 0.55812633209257, 0.770048361384034, 0.7700486679339119, 0.7700491511343335, 0.7700493798701175, 0.7700494900021616, 0.7700503933359367, 0.7700512310925118, 0.7700520672802544, 0.7700541607303926, 0.7700549969181352, 0.7700553928914676, 0.7700564967220411, 0.7700571747714638], "y": [7.573488738635425, 8.051587034221399, 8.402304814074487, 8.402304814074487, 8.402304814074487, 8.347753658996677, 13.468521082957745, 13.473660722610155, 13.707743928643524, 13.028724151261894, 13.935542010773082, 8.782516055786093, 13.684029654543082, 7.349692476868063, 8.01592296609717, 8.204815410317575, 8.013228265733755, 7.665546248849069, 7.440093374963888, 7.6439741428068775, 7.761953896871205, 7.812479279163537, 7.512861624522814, 7.528708288941061, 7.507239610973162, 7.543633966870957, 8.94692155651658, 9.079876673709276, 7.718966632752273, 7.616184634019569, 7.422508200162775, 8.465973893943865, 7.542118103266008, 7.521433504406157, 9.336299074610352, 9.139063379299905, 9.404503778174426, 9.913640169325252, 9.679853713888946, 9.872895201635192, 10.208309350979881, 10.248720896016657, 10.028260409112221, 9.829738284605043, 9.39040559077478, 9.79317412396815, 10.000434511774017, 10.282329496997738, 10.329754146925875, 9.939302159646388, 10.071092309756047, 9.943095148663527, 8.806875401645538, 10.22257317761069, 8.549750891680638, 8.083546051450075, 7.795880017344075, 9.962573502059376, 8.627087997029893, 7.54515513999149, 9.122628654130226, 9.468521082957745, 7.853871964321762, 8.080921907623926, 7.673664139071248, 7.694648630553377, 8.127261172527332, 8.229147988357855, 7.924453038607469, 8.886056647693163, 7.913640169325252, 8.096910013008056, 8.059483515067432, 7.94692155651658, 8.033389013318066, 8.046723663332696, 8.070581074285707, 8.088309841246138, 8.090979145788843, 8.721246399047171, 8.170696227168975, 8.175874166083451, 7.313363730737707, 8.308918507877031, 8.320572103387882, 8.265200170411154, 8.22112552799726, 8.156144577376839, 8.141462802430361, 8.156144577376839, 8.156144577376839, 8.156144577376839, 8.008330992620051, 7.804100347590766, 8.115204636051018, 7.958607314841775, 7.958607314841775, 9.453457336521868, 8.79317412396815, 8.590066876668706, 9.167491087293763, 9.181774106386044, 9.313363730737708, 9.396855627379818, 9.396855627379818, 9.467245621007502, 9.18045606445813, 9.162411561764488, 9.162411561764488, 9.136677139879545, 9.57186520597121, 9.136677139879545, 8.829738284605043, 8.892790030352131, 9.473660722610155, 9.45717457304082, 9.474955192963154, 9.485452247339714, 9.16621562534352, 8.826813731587725, 9.136082623042139, 8.931814138253838, 8.41907502432438, 9.048662481204083, 9.48412615628832, 8.61261017366127, 7.716698771296451, 9.005682847330363, 9.005682847330363, 9.527243550682787, 9.019088062223156, 9.197226274708024, 8.518557371497694, 8.446116973356126, 8.61798295742513, 9.121478204498793, 8.518557371497694, 8.681936665037238, 9.129011186239424, 8.51427857351842, 8.714442690992227, 9.401209493236886, 9.454692883534175, 8.821023052706831, 9.578396073130168, 9.199970640755867, 9.025488307262671, 9.033389013318066, 8.559090917934782, 9.51999305704285, 8.659555885159882, 8.752026733638193, 8.202732459169283, 7.718966632752273, 8.714442690992227, 8.69680394257951, 7.341988603342887, 8.517126416391246, 7.906578314837765, 8.060480747381382, 8.260427655549908, 8.198596289982644, 7.6777807052660805, 7.663540266151471, 7.38933983691012, 8.020907099361674, 7.7594507517174005, 7.774690718274137, 7.473660722610156, 7.910094888560602, 7.51427857351842, 7.308034897232639, 7.531652669587842, 7.860120913598763, 7.476253533188435, 8.017276612331454, 7.769551078621726, 8.7281583934635, 8.465973893943865, 8.58335949266172, 8.595166283380062, 8.528708288941061, 8.448550002027124, 7.465973893943865, 7.428291168191312, 7.386158178123931, 7.376750709602099, 7.302770657240282, 7.510041520575165],