{"norm_factor": 3187083312, "tick_vals": ["0", "248956422", "491149951", "689445510", "879660065", "1061198324", "1232004303", "1391350276", "1536488912", "1674883629", "1808681051", "1943767673", "2077042982", "2191407310", "2298451028", "2400442217", "2574038003", "2654411288", "2713028904", "2777473071", "2824183054", "2875001522", "3031042417"], "even": {"x": [0.36874371986922194, 0.5302104694400283], "y": [7.528708288941061, 7.431798275933005], "pval": [2.96e-08, 3.7e-08], "chrom": [6, 10]}, "odd": {"x": [0.15581799544749397], "y": [7.34170234969181], "pval": [4.553e-08], "chrom": [3]}}