{"norm_factor": 3187083312, "tick_vals": ["0", "248956422", "491149951", "689445510", "879660065", "1061198324", "1232004303", "1391350276", "1536488912", "1674883629", "1808681051", "1943767673", "2077042982", "2191407310", "2298451028", "2400442217", "2574038003", "2654411288", "2713028904", "2777473071", "2824183054", "2875001522", "3031042417"], "even": {"x": [0.38334825242873977, 0.38335188961009503, 0.3833545541152769, 0.38335596857469284, 0.38338081543065733], "y": [9.003007018109294, 9.424812155072338, 9.197910742118268, 9.400881434944637, 7.772884917410875], "pval": [9.931e-10, 3.76e-10, 6.34e-10, 3.973e-10, 1.687e-08], "chrom": [6, 6, 6, 6, 6]}, "odd": {"x": [], "y": [], "pval": [], "chrom": []}}